{"stats":{"minecraft:killed":{"minecraft:pig":1,"minecraft:cow":7},"minecraft:picked_up":{"minecraft:raw_iron":2,"minecraft:crafting_table":2,"minecraft:sweet_berries":7,"minecraft:leather":6,"minecraft:porkchop":1,"minecraft:spruce_sapling":1,"minecraft:spruce_log":15,"minecraft:cornflower":1,"minecraft:dirt":2,"minecraft:blue_bed":2,"minecraft:wheat_seeds":1,"minecraft:beef":15,"minecraft:sugar_cane":10,"minecraft:cobblestone":12},"minecraft:dropped":{"minecraft:dirt":1},"minecraft:mined":{"minecraft:iron_ore":2,"minecraft:sweet_berry_bush":3,"minecraft:spruce_log":15,"minecraft:crafting_table":2,"minecraft:grass":11,"minecraft:grass_block":1,"minecraft:tall_grass":5,"minecraft:spruce_leaves":2,"minecraft:stone":12,"minecraft:sugar_cane":5,"minecraft:blue_bed":2},"minecraft:custom":{"minecraft:time_since_rest":11456,"minecraft:sprint_one_cm":76034,"minecraft:damage_taken":446,"minecraft:walk_one_cm":82281,"minecraft:mob_kills":8,"minecraft:drop":1,"minecraft:damage_dealt":960,"minecraft:interact_with_crafting_table":3,"minecraft:swim_one_cm":2385,"minecraft:fly_one_cm":76912,"minecraft:open_chest":1,"minecraft:crouch_one_cm":3640,"minecraft:play_time":33003,"minecraft:deaths":1,"minecraft:sneak_time":1498,"minecraft:walk_under_water_one_cm":110,"minecraft:jump":489,"minecraft:time_since_death":28136,"minecraft:leave_game":3,"minecraft:walk_on_water_one_cm":1077,"minecraft:sleep_in_bed":1,"minecraft:total_world_time":33003,"minecraft:fall_one_cm":12036},"minecraft:used":{"minecraft:stone_pickaxe":2,"minecraft:bread":4,"minecraft:wooden_pickaxe":12,"minecraft:blue_bed":1,"minecraft:stone_axe":28,"minecraft:cobblestone":6,"minecraft:sweet_berries":2,"minecraft:crafting_table":2},"minecraft:crafted":{"minecraft:crafting_table":1,"minecraft:spruce_planks":60,"minecraft:stick":8,"minecraft:wooden_pickaxe":1,"minecraft:stone_pickaxe":1,"minecraft:stone_axe":1}},"DataVersion":3465}