{"stats":{"minecraft:custom":{"minecraft:time_since_rest":193,"minecraft:crouch_one_cm":360,"minecraft:deaths":4,"minecraft:sprint_one_cm":1074,"minecraft:play_time":14332,"minecraft:damage_taken":1134,"minecraft:walk_one_cm":21487,"minecraft:sneak_time":815,"minecraft:drop":1,"minecraft:jump":20,"minecraft:leave_game":4,"minecraft:time_since_death":0,"minecraft:climb_one_cm":198,"minecraft:total_world_time":14332,"minecraft:interact_with_crafting_table":7,"minecraft:fall_one_cm":335,"minecraft:fly_one_cm":386},"minecraft:crafted":{"minecraft:oak_planks":16,"minecraft:crafting_table":1,"minecraft:stick":8},"minecraft:killed_by":{"minecraft:creeper":3,"minecraft:zombie":1},"minecraft:dropped":{"minecraft:oak_log":1},"minecraft:mined":{"minecraft:grass":1,"minecraft:oak_log":8,"minecraft:orange_tulip":1,"minecraft:oak_leaves":2},"minecraft:picked_up":{"minecraft:oak_log":9,"minecraft:cobblestone":1},"minecraft:used":{"minecraft:crafting_table":1}},"DataVersion":3465}