{"stats":{"minecraft:picked_up":{"minecraft:crafting_table":2,"minecraft:sweet_berries":7,"minecraft:spruce_log":15,"minecraft:sugar_cane":10,"minecraft:dirt":2,"minecraft:cobblestone":12},"minecraft:dropped":{"minecraft:dirt":1},"minecraft:mined":{"minecraft:grass_block":1,"minecraft:sweet_berry_bush":3,"minecraft:spruce_log":15,"minecraft:spruce_leaves":2,"minecraft:stone":12,"minecraft:sugar_cane":5,"minecraft:crafting_table":2},"minecraft:custom":{"minecraft:time_since_rest":15464,"minecraft:crouch_one_cm":3266,"minecraft:sprint_one_cm":23405,"minecraft:play_time":19621,"minecraft:walk_one_cm":39396,"minecraft:damage_taken":290,"minecraft:deaths":1,"minecraft:sneak_time":1411,"minecraft:walk_under_water_one_cm":94,"minecraft:drop":1,"minecraft:jump":174,"minecraft:walk_on_water_one_cm":166,"minecraft:leave_game":2,"minecraft:time_since_death":14754,"minecraft:total_world_time":19621,"minecraft:swim_one_cm":642,"minecraft:fall_one_cm":2103,"minecraft:interact_with_crafting_table":3,"minecraft:fly_one_cm":10783},"minecraft:used":{"minecraft:stone_axe":1,"minecraft:crafting_table":2,"minecraft:wooden_pickaxe":12},"minecraft:crafted":{"minecraft:stone_axe":1,"minecraft:crafting_table":1,"minecraft:spruce_planks":60,"minecraft:stick":8,"minecraft:stone_pickaxe":1,"minecraft:wooden_pickaxe":1}},"DataVersion":3465}