{"stats":{"minecraft:picked_up":{"minecraft:crafting_table":1,"minecraft:spruce_log":10},"minecraft:mined":{"minecraft:spruce_log":10,"minecraft:spruce_leaves":2,"minecraft:crafting_table":1},"minecraft:custom":{"minecraft:time_since_rest":3464,"minecraft:crouch_one_cm":859,"minecraft:sprint_one_cm":4825,"minecraft:play_time":7621,"minecraft:walk_one_cm":10232,"minecraft:damage_taken":240,"minecraft:deaths":1,"minecraft:sneak_time":418,"minecraft:jump":92,"minecraft:leave_game":2,"minecraft:time_since_death":2754,"minecraft:total_world_time":7621,"minecraft:fall_one_cm":478,"minecraft:interact_with_crafting_table":2,"minecraft:fly_one_cm":1982},"minecraft:used":{"minecraft:crafting_table":1},"minecraft:crafted":{"minecraft:crafting_table":1,"minecraft:spruce_planks":40,"minecraft:stick":8,"minecraft:wooden_pickaxe":1}},"DataVersion":3465}