{"stats":{"minecraft:custom":{"minecraft:jump":17,"minecraft:time_since_rest":8942,"minecraft:damage_taken":70,"minecraft:leave_game":2,"minecraft:time_since_death":8942,"minecraft:crouch_one_cm":201,"minecraft:play_time":8942,"minecraft:sprint_one_cm":1074,"minecraft:walk_one_cm":17783,"minecraft:climb_one_cm":198,"minecraft:sneak_time":230,"minecraft:total_world_time":8942,"minecraft:interact_with_crafting_table":7,"minecraft:fly_one_cm":40},"minecraft:crafted":{"minecraft:crafting_table":1,"minecraft:oak_planks":16,"minecraft:stick":8},"minecraft:mined":{"minecraft:grass":1,"minecraft:oak_log":4},"minecraft:picked_up":{"minecraft:oak_log":4,"minecraft:cobblestone":1},"minecraft:used":{"minecraft:crafting_table":1}},"DataVersion":3465}