{"stats":{"minecraft:killed":{"minecraft:sheep":4,"minecraft:pig":3,"minecraft:cow":10},"minecraft:picked_up":{"minecraft:raw_iron":1,"minecraft:stick":3,"minecraft:crafting_table":3,"minecraft:sweet_berries":21,"minecraft:brown_wool":2,"minecraft:leather":4,"minecraft:brown_mushroom":5,"minecraft:porkchop":5,"minecraft:target":1,"minecraft:oak_log":1,"minecraft:spruce_sapling":1,"minecraft:spruce_log":3,"minecraft:dirt":3,"create:crimsite":1,"minecraft:wheat_seeds":2,"minecraft:lever":1,"minecraft:beef":20,"minecraft:oak_sapling":1,"minecraft:mutton":7,"minecraft:coal":68,"minecraft:white_wool":2,"minecraft:cobblestone":23,"minecraft:furnace":1},"minecraft:mined":{"minecraft:large_fern":2,"minecraft:furnace":1,"minecraft:iron_ore":1,"minecraft:sweet_berry_bush":14,"minecraft:spruce_log":3,"minecraft:target":1,"minecraft:cornflower":1,"minecraft:crafting_table":3,"minecraft:grass":17,"minecraft:oak_log":1,"minecraft:grass_block":3,"minecraft:coal_ore":38,"minecraft:tall_grass":13,"minecraft:spruce_leaves":2,"minecraft:stone":23,"create:crimsite":1,"minecraft:oak_leaves":1,"minecraft:fern":1},"minecraft:custom":{"minecraft:time_since_rest":9259,"minecraft:interact_with_furnace":6,"minecraft:sprint_one_cm":170733,"minecraft:damage_taken":650,"minecraft:walk_one_cm":106706,"minecraft:mob_kills":17,"minecraft:damage_dealt":2038,"minecraft:target_hit":3,"minecraft:swim_one_cm":8724,"minecraft:interact_with_crafting_table":4,"minecraft:fly_one_cm":207006,"minecraft:open_barrel":3,"minecraft:open_chest":18,"minecraft:crouch_one_cm":3,"minecraft:play_time":39657,"minecraft:sneak_time":8,"minecraft:walk_under_water_one_cm":788,"minecraft:jump":1034,"minecraft:leave_game":1,"minecraft:walk_on_water_one_cm":3229,"minecraft:time_since_death":39657,"minecraft:sleep_in_bed":2,"minecraft:climb_one_cm":1280,"minecraft:total_world_time":39657,"minecraft:fall_one_cm":37347},"minecraft:used":{"minecraft:wooden_axe":16,"minecraft:stone_pickaxe":63,"minecraft:brown_wool":1,"create:crimsite":1,"minecraft:wooden_pickaxe":4,"minecraft:stone_axe":44,"minecraft:target":1,"minecraft:dirt":2,"minecraft:cobblestone":8,"minecraft:bow":5,"minecraft:sweet_berries":15,"minecraft:crafting_table":3,"minecraft:oak_sapling":1,"minecraft:furnace":1,"minecraft:cooked_beef":9},"minecraft:crafted":{"minecraft:cooked_beef":8,"minecraft:oak_planks":4,"minecraft:crafting_table":1,"minecraft:spruce_planks":12,"minecraft:stick":12,"minecraft:wooden_pickaxe":1,"minecraft:stone_pickaxe":1,"minecraft:wooden_axe":1,"minecraft:furnace":1,"minecraft:stone_axe":1,"minecraft:air":0}},"DataVersion":3465}