{"stats":{"minecraft:killed":{"minecraft:pig":3,"minecraft:zombie_villager":1,"minecraft:spider":13,"minecraft:skeleton":16,"minecraft:sheep":8,"minecraft:zombie":16,"artifacts:mimic":1,"minecraft:cow":10},"minecraft:picked_up":{"minecraft:birch_log":29,"minecraft:crafting_table":8,"minecraft:golden_leggings":1,"minecraft:glow_ink_sac":3,"minecraft:andesite":3,"minecraft:leather":4,"minecraft:brown_wool":4,"minecraft:brown_mushroom":5,"artifacts:superstitious_hat":1,"create:raw_zinc":1,"minecraft:oak_log":15,"minecraft:string":8,"minecraft:dirt":11,"minecraft:bone":15,"minecraft:bow":1,"minecraft:wheat_seeds":2,"minecraft:cobbled_deepslate":13,"minecraft:raw_gold":9,"minecraft:beef":20,"minecraft:furnace":5,"minecraft:smooth_basalt":1,"minecraft:stick":3,"minecraft:raw_iron":34,"minecraft:sweet_berries":21,"minecraft:torch":7,"minecraft:green_bed":1,"minecraft:porkchop":5,"minecraft:target":1,"minecraft:spruce_sapling":1,"minecraft:carrot":1,"minecraft:spruce_log":3,"minecraft:spider_eye":2,"minecraft:diamond":7,"minecraft:arrow":14,"create:crimsite":1,"minecraft:rotten_flesh":13,"minecraft:lever":1,"minecraft:oak_sapling":1,"minecraft:mutton":13,"minecraft:coal":158,"minecraft:white_wool":6,"minecraft:cobblestone":54},"minecraft:dropped":{"minecraft:birch_planks":4,"minecraft:sweet_berries":6,"minecraft:lever":1,"minecraft:wheat_seeds":2,"minecraft:brown_mushroom":5,"minecraft:cobblestone":5,"minecraft:rotten_flesh":11,"minecraft:stick":1,"minecraft:dirt":7,"minecraft:wooden_axe":1,"minecraft:brown_wool":2,"minecraft:golden_leggings":2,"minecraft:stone_pickaxe":1,"minecraft:wooden_pickaxe":1,"minecraft:string":1,"create:raw_zinc":1,"minecraft:bone":2,"minecraft:spruce_sapling":1},"minecraft:killed_by":{"minecraft:zombie":1},"minecraft:mined":{"create:deepslate_zinc_ore":1,"minecraft:deepslate_diamond_ore":7,"minecraft:crafting_table":8,"minecraft:cornflower":1,"minecraft:torch":2,"minecraft:stone_brick_wall":1,"minecraft:grass_block":3,"minecraft:brown_wool":1,"minecraft:tall_grass":17,"minecraft:cobblestone":5,"minecraft:spruce_leaves":2,"minecraft:deepslate_gold_ore":7,"minecraft:wall_torch":4,"minecraft:spawner":2,"minecraft:large_fern":2,"minecraft:furnace":5,"minecraft:fire":3,"minecraft:birch_log":29,"minecraft:iron_ore":6,"minecraft:sweet_berry_bush":14,"minecraft:spruce_log":3,"minecraft:birch_leaves":3,"minecraft:target":1,"minecraft:grass":18,"minecraft:coal_ore":48,"minecraft:oak_log":15,"minecraft:deepslate_iron_ore":28,"minecraft:dirt":2,"minecraft:smooth_basalt":1,"minecraft:green_bed":1,"minecraft:stone":47,"minecraft:deepslate":13,"minecraft:gold_ore":2,"create:crimsite":1,"minecraft:oak_leaves":1,"minecraft:fern":1},"minecraft:broken":{"minecraft:stone_axe":1},"minecraft:custom":{"minecraft:interact_with_furnace":26,"minecraft:mob_kills":72,"minecraft:interact_with_crafting_table":23,"minecraft:open_barrel":4,"minecraft:leave_game":1,"minecraft:time_since_death":12256,"minecraft:sleep_in_bed":2,"minecraft:climb_one_cm":1280,"minecraft:time_since_rest":12281,"minecraft:sprint_one_cm":266234,"minecraft:damage_taken":2424,"minecraft:walk_one_cm":201170,"minecraft:damage_blocked_by_shield":570,"minecraft:drop":22,"minecraft:damage_dealt":12091,"minecraft:swim_one_cm":8724,"minecraft:fly_one_cm":299411,"minecraft:target_hit":3,"minecraft:open_chest":30,"minecraft:crouch_one_cm":179,"minecraft:deaths":1,"minecraft:play_time":75657,"minecraft:sneak_time":404,"minecraft:walk_under_water_one_cm":1083,"minecraft:jump":1676,"minecraft:walk_on_water_one_cm":5680,"minecraft:total_world_time":75657,"minecraft:fall_one_cm":56866},"minecraft:used":{"simplyswords:diamond_katana":35,"minecraft:flint_and_steel":3,"minecraft:stone_pickaxe":98,"minecraft:oak_planks":1,"create:crimsite":1,"minecraft:shield":7,"minecraft:wooden_pickaxe":4,"minecraft:torch":127,"minecraft:dirt":4,"minecraft:target":1,"minecraft:crafting_table":8,"simplyswords:iron_katana":126,"minecraft:crossbow":1,"minecraft:wooden_axe":16,"minecraft:diamond_pickaxe":28,"minecraft:iron_pickaxe":50,"minecraft:brown_wool":2,"minecraft:stone_axe":111,"minecraft:cobblestone":35,"minecraft:bow":5,"minecraft:sweet_berries":15,"minecraft:furnace":5,"minecraft:oak_sapling":1,"minecraft:birch_log":2,"minecraft:cobbled_deepslate":5,"minecraft:cooked_beef":26},"minecraft:crafted":{"minecraft:cooked_beef":23,"minecraft:oak_planks":60,"minecraft:crafting_table":1,"simplyswords:iron_katana":1,"minecraft:spruce_planks":12,"minecraft:wooden_pickaxe":1,"immersive_armors:wooden_leggings":1,"usefulbackpacks:backpack_small":1,"minecraft:furnace":1,"minecraft:birch_planks":12,"minecraft:stone_axe":1,"minecraft:air":0,"immersive_armors:wooden_chestplate":1,"immersive_armors:wooden_boots":1,"simplyswords:diamond_katana":1,"minecraft:diamond_pickaxe":1,"minecraft:shield":1,"minecraft:stick":48,"minecraft:iron_ingot":4,"minecraft:iron_pickaxe":1,"minecraft:stone_pickaxe":1,"minecraft:wooden_axe":1,"immersive_armors:wooden_helmet":1,"minecraft:torch":160}},"DataVersion":3465}