{"stats":{"minecraft:custom":{"minecraft:time_since_rest":17673,"minecraft:sprint_one_cm":59581,"minecraft:interact_with_furnace":12,"minecraft:damage_taken":195,"minecraft:walk_one_cm":35167,"minecraft:mob_kills":10,"minecraft:drop":6,"minecraft:damage_dealt":1106,"minecraft:interact_with_crafting_table":3,"minecraft:fly_one_cm":71721,"minecraft:crouch_one_cm":366,"minecraft:play_time":17673,"minecraft:sneak_time":70,"minecraft:jump":346,"minecraft:leave_game":1,"minecraft:walk_on_water_one_cm":324,"minecraft:time_since_death":17673,"minecraft:total_world_time":17673,"minecraft:climb_one_cm":2607,"minecraft:fall_one_cm":10491},"minecraft:crafted":{"minecraft:oak_planks":44,"minecraft:charcoal":12,"minecraft:crafting_table":1,"minecraft:stick":8,"minecraft:wooden_pickaxe":1,"minecraft:cooked_chicken":3,"minecraft:stone_pickaxe":1,"minecraft:wooden_axe":1,"minecraft:furnace":1,"minecraft:stone_axe":1,"minecraft:air":0},"minecraft:dropped":{"minecraft:wheat_seeds":3,"minecraft:red_mushroom":3},"minecraft:mined":{"minecraft:furnace":1,"minecraft:crafting_table":1,"minecraft:grass":9,"minecraft:oak_log":23,"minecraft:tall_grass":2,"minecraft:stone":15,"minecraft:oak_leaves":3,"minecraft:fern":2},"minecraft:killed":{"minecraft:skeleton":1,"minecraft:chicken":3,"naturalist:firefly":4,"minecraft:creeper":2},"minecraft:picked_up":{"minecraft:charcoal":9,"minecraft:stick":3,"minecraft:crafting_table":1,"minecraft:feather":4,"minecraft:chicken":3,"minecraft:red_mushroom":6,"minecraft:oak_log":23,"minecraft:gunpowder":3,"naturalist:glow_goop":3,"minecraft:bone":2,"minecraft:wheat_seeds":6,"minecraft:oak_sapling":2,"minecraft:cobblestone":14,"minecraft:furnace":1},"minecraft:used":{"minecraft:wooden_axe":1,"minecraft:stone_pickaxe":1,"minecraft:wooden_pickaxe":15,"minecraft:cooked_chicken":3,"naturalist:glow_goop":1,"minecraft:stone_axe":36,"minecraft:crafting_table":1,"minecraft:furnace":1}},"DataVersion":3465}