{"stats":{"minecraft:picked_up":{"minecraft:stick":3,"minecraft:spruce_sapling":1,"minecraft:spruce_log":3,"minecraft:sweet_berries":21},"minecraft:mined":{"minecraft:spruce_leaves":1,"minecraft:sweet_berry_bush":9,"minecraft:spruce_log":3},"minecraft:custom":{"minecraft:jump":51,"minecraft:time_since_rest":3657,"minecraft:damage_taken":30,"minecraft:sprint_one_cm":2964,"minecraft:leave_game":1,"minecraft:play_time":3657,"minecraft:time_since_death":3657,"minecraft:walk_one_cm":6291,"minecraft:total_world_time":3657,"minecraft:fall_one_cm":1012,"minecraft:fly_one_cm":1778}},"DataVersion":3465}