{"stats":{"minecraft:custom":{"minecraft:time_since_rest":1716,"minecraft:sprint_one_cm":79974,"minecraft:interact_with_furnace":12,"minecraft:damage_taken":1168,"minecraft:walk_one_cm":59132,"minecraft:mob_kills":20,"minecraft:drop":6,"minecraft:damage_dealt":3514,"minecraft:interact_with_crafting_table":3,"minecraft:fly_one_cm":99633,"minecraft:crouch_one_cm":473,"minecraft:play_time":24052,"minecraft:deaths":3,"minecraft:sneak_time":117,"minecraft:jump":539,"minecraft:leave_game":2,"minecraft:walk_on_water_one_cm":1010,"minecraft:time_since_death":1689,"minecraft:total_world_time":24052,"minecraft:climb_one_cm":3671,"minecraft:fall_one_cm":14903},"minecraft:crafted":{"minecraft:oak_planks":44,"minecraft:charcoal":12,"minecraft:crafting_table":1,"minecraft:stick":8,"minecraft:wooden_pickaxe":1,"minecraft:cooked_chicken":3,"minecraft:stone_pickaxe":1,"minecraft:wooden_axe":1,"minecraft:furnace":1,"minecraft:stone_axe":1,"minecraft:air":0},"minecraft:killed_by":{"minecraft:skeleton":1,"minecraft:spider":1,"minecraft:zombie":1},"minecraft:broken":{"magistuarmory:rustedchainmail_boots":1},"minecraft:dropped":{"minecraft:wheat_seeds":3,"minecraft:red_mushroom":3},"minecraft:killed":{"minecraft:skeleton":2,"minecraft:zombie":7,"minecraft:chicken":3,"naturalist:firefly":4,"minecraft:spider":2,"minecraft:creeper":2},"minecraft:mined":{"minecraft:coarse_dirt":1,"naturalist:glow_goop":7,"minecraft:furnace":1,"minecraft:lilac":2,"minecraft:birch_leaves":1,"minecraft:peony":1,"minecraft:orange_tulip":1,"minecraft:crafting_table":1,"minecraft:grass":11,"minecraft:oak_log":23,"minecraft:dirt":2,"minecraft:tall_grass":4,"minecraft:stone":15,"minecraft:oak_planks":2,"minecraft:oak_leaves":3,"minecraft:fern":3},"minecraft:picked_up":{"magistuarmory:rustedchainmail_boots":1,"minecraft:coarse_dirt":1,"minecraft:charcoal":9,"minecraft:stick":3,"minecraft:crafting_table":1,"minecraft:feather":4,"minecraft:chicken":3,"minecraft:red_mushroom":6,"minecraft:oak_log":23,"minecraft:gunpowder":3,"minecraft:string":2,"minecraft:dirt":2,"naturalist:glow_goop":30,"minecraft:arrow":1,"minecraft:bone":3,"minecraft:rotten_flesh":10,"minecraft:apple":1,"minecraft:orange_tulip":1,"magistuarmory:rusted_bastardsword":1,"minecraft:wheat_seeds":6,"minecraft:oak_sapling":2,"minecraft:oak_planks":2,"minecraft:lilac":1,"minecraft:cobblestone":14,"minecraft:furnace":1},"minecraft:used":{"minecraft:wooden_axe":1,"minecraft:stone_pickaxe":1,"minecraft:oak_planks":4,"minecraft:wooden_pickaxe":15,"minecraft:cooked_chicken":3,"naturalist:glow_goop":30,"minecraft:stone_axe":50,"minecraft:crafting_table":1,"minecraft:furnace":1,"magistuarmory:rusted_bastardsword":40,"minecraft:cooked_beef":1}},"DataVersion":3465}