{"stats":{"minecraft:killed":{"minecraft:cow":4},"minecraft:picked_up":{"minecraft:stick":3,"minecraft:crafting_table":3,"minecraft:sweet_berries":21,"minecraft:leather":2,"minecraft:oak_log":1,"minecraft:spruce_sapling":1,"minecraft:spruce_log":3,"minecraft:dirt":2,"minecraft:beef":8,"minecraft:oak_sapling":1,"minecraft:coal":68,"minecraft:cobblestone":23,"minecraft:furnace":1},"minecraft:mined":{"minecraft:large_fern":1,"minecraft:furnace":1,"minecraft:sweet_berry_bush":13,"minecraft:spruce_log":3,"minecraft:crafting_table":3,"minecraft:grass":1,"minecraft:oak_log":1,"minecraft:grass_block":2,"minecraft:coal_ore":38,"minecraft:spruce_leaves":2,"minecraft:stone":23,"minecraft:oak_leaves":1,"minecraft:fern":1},"minecraft:custom":{"minecraft:time_since_rest":11033,"minecraft:interact_with_furnace":6,"minecraft:sprint_one_cm":36401,"minecraft:damage_taken":270,"minecraft:walk_one_cm":36567,"minecraft:mob_kills":4,"minecraft:damage_dealt":470,"minecraft:interact_with_crafting_table":4,"minecraft:fly_one_cm":43983,"minecraft:crouch_one_cm":3,"minecraft:play_time":15657,"minecraft:sneak_time":3,"minecraft:walk_under_water_one_cm":465,"minecraft:jump":359,"minecraft:leave_game":1,"minecraft:walk_on_water_one_cm":560,"minecraft:time_since_death":15657,"minecraft:sleep_in_bed":1,"minecraft:total_world_time":15657,"minecraft:fall_one_cm":12784},"minecraft:used":{"minecraft:wooden_axe":16,"minecraft:stone_pickaxe":58,"minecraft:wooden_pickaxe":4,"minecraft:stone_axe":1,"minecraft:dirt":1,"minecraft:sweet_berries":15,"minecraft:crafting_table":3,"minecraft:furnace":1,"minecraft:cooked_beef":1},"minecraft:crafted":{"minecraft:cooked_beef":8,"minecraft:oak_planks":4,"minecraft:crafting_table":1,"minecraft:spruce_planks":12,"minecraft:stick":12,"minecraft:wooden_pickaxe":1,"minecraft:stone_pickaxe":1,"minecraft:wooden_axe":1,"minecraft:furnace":1,"minecraft:stone_axe":1,"minecraft:air":0}},"DataVersion":3465}