{"stats":{"minecraft:picked_up":{"minecraft:stick":3,"minecraft:crafting_table":3,"minecraft:sweet_berries":21,"minecraft:brown_wool":2,"minecraft:leather":4,"minecraft:brown_mushroom":5,"minecraft:porkchop":5,"minecraft:oak_log":1,"minecraft:spruce_sapling":1,"minecraft:spruce_log":3,"minecraft:dirt":3,"create:crimsite":1,"minecraft:wheat_seeds":2,"minecraft:beef":20,"minecraft:oak_sapling":1,"minecraft:mutton":7,"minecraft:coal":68,"minecraft:white_wool":2,"minecraft:cobblestone":23,"minecraft:furnace":1},"minecraft:killed":{"minecraft:sheep":4,"minecraft:pig":3,"minecraft:cow":10},"minecraft:mined":{"minecraft:large_fern":2,"minecraft:furnace":1,"minecraft:sweet_berry_bush":14,"minecraft:spruce_log":3,"minecraft:cornflower":1,"minecraft:crafting_table":3,"minecraft:grass":13,"minecraft:oak_log":1,"minecraft:grass_block":3,"minecraft:coal_ore":38,"minecraft:tall_grass":10,"minecraft:spruce_leaves":2,"minecraft:stone":23,"create:crimsite":1,"minecraft:oak_leaves":1,"minecraft:fern":1},"minecraft:custom":{"minecraft:time_since_rest":23033,"minecraft:interact_with_furnace":6,"minecraft:sprint_one_cm":116033,"minecraft:damage_taken":410,"minecraft:walk_one_cm":71335,"minecraft:mob_kills":17,"minecraft:damage_dealt":2038,"minecraft:swim_one_cm":4993,"minecraft:interact_with_crafting_table":4,"minecraft:fly_one_cm":160547,"minecraft:open_chest":8,"minecraft:crouch_one_cm":3,"minecraft:play_time":27657,"minecraft:sneak_time":8,"minecraft:walk_under_water_one_cm":589,"minecraft:jump":852,"minecraft:leave_game":1,"minecraft:walk_on_water_one_cm":3128,"minecraft:time_since_death":27657,"minecraft:sleep_in_bed":1,"minecraft:climb_one_cm":643,"minecraft:total_world_time":27657,"minecraft:fall_one_cm":28428},"minecraft:used":{"minecraft:wooden_axe":16,"minecraft:stone_pickaxe":59,"create:crimsite":1,"minecraft:wooden_pickaxe":4,"minecraft:stone_axe":43,"minecraft:dirt":2,"minecraft:cobblestone":8,"minecraft:sweet_berries":15,"minecraft:crafting_table":3,"minecraft:oak_sapling":1,"minecraft:furnace":1,"minecraft:cooked_beef":6},"minecraft:crafted":{"minecraft:cooked_beef":8,"minecraft:oak_planks":4,"minecraft:crafting_table":1,"minecraft:spruce_planks":12,"minecraft:stick":12,"minecraft:wooden_pickaxe":1,"minecraft:stone_pickaxe":1,"minecraft:wooden_axe":1,"minecraft:furnace":1,"minecraft:stone_axe":1,"minecraft:air":0}},"DataVersion":3465}