{"stats":{"minecraft:killed":{"minecraft:spider":19,"minecraft:skeleton":26,"artifacts:mimic":5,"minecraft:pig":3,"minecraft:zombie_villager":2,"minecraft:sheep":8,"minecraft:zombie":32,"minecraft:cow":10},"minecraft:picked_up":{"minecraft:crafting_table":10,"minecraft:chainmail_boots":1,"minecraft:iron_trapdoor":2,"minecraft:golden_pickaxe":2,"minecraft:brown_mushroom":5,"minecraft:enchanted_book":1,"minecraft:string":41,"minecraft:raw_copper":2,"minecraft:blackstone":93,"minecraft:cobbled_deepslate":41,"artifacts:aqua_dashers":1,"minecraft:beef":20,"minecraft:chest":8,"minecraft:furnace":7,"minecraft:raw_iron":107,"minecraft:stick":7,"minecraft:oak_fence":9,"minecraft:torch":14,"minecraft:green_bed":1,"minecraft:porkchop":5,"minecraft:target":1,"minecraft:carrot":1,"minecraft:redstone":71,"minecraft:andesite_wall":1,"artifacts:lucky_scarf":1,"minecraft:arrow":28,"minecraft:rotten_flesh":36,"artifacts:cross_necklace":1,"minecraft:mutton":19,"minecraft:white_wool":6,"minecraft:cobblestone":92,"minecraft:birch_log":29,"minecraft:magma_block":4,"minecraft:glow_ink_sac":3,"minecraft:andesite":3,"minecraft:brown_wool":4,"minecraft:leather":4,"minecraft:golden_leggings":1,"minecraft:flint":2,"minecraft:tuff":39,"create:raw_zinc":1,"minecraft:oak_log":23,"artifacts:superstitious_hat":1,"minecraft:gunpowder":8,"minecraft:lapis_lazuli":77,"minecraft:dirt":11,"minecraft:bone":35,"minecraft:chipped_anvil":2,"minecraft:bow":1,"minecraft:wheat_seeds":2,"minecraft:raw_gold":63,"minecraft:iron_ingot":1,"minecraft:mossy_stone_brick_wall":1,"artifacts:antidote_vessel":1,"minecraft:oak_planks":4,"minecraft:smooth_basalt":21,"minecraft:sweet_berries":21,"minecraft:raw_iron_block":1,"minecraft:gravel":1,"minecraft:spruce_sapling":2,"minecraft:spruce_log":11,"minecraft:trapped_chest":1,"minecraft:spider_eye":9,"create:crimsite":1,"minecraft:diamond":49,"minecraft:lever":1,"minecraft:damaged_anvil":1,"minecraft:oak_sapling":1,"minecraft:coal":235},"minecraft:dropped":{"minecraft:brown_mushroom":5,"minecraft:birch_planks":4,"minecraft:wheat_seeds":2,"minecraft:golden_pickaxe":2,"minecraft:oak_fence":9,"minecraft:iron_helmet":1,"minecraft:cobblestone":5,"minecraft:andesite_wall":1,"minecraft:stick":2,"minecraft:dirt":7,"immersive_armors:wooden_leggings":1,"minecraft:wooden_axe":1,"minecraft:brown_wool":2,"minecraft:iron_pickaxe":1,"immersive_armors:wooden_chestplate":1,"minecraft:string":1,"minecraft:trapped_chest":1,"create:raw_zinc":1,"minecraft:spruce_sapling":2,"minecraft:smooth_basalt":15,"minecraft:bone":2,"minecraft:gravel":1,"minecraft:blackstone":12,"minecraft:sweet_berries":6,"minecraft:lever":1,"minecraft:raw_copper":2,"simplyswords:iron_katana":1,"minecraft:cobbled_deepslate":5,"minecraft:tuff":15,"immersive_armors:wooden_boots":1,"minecraft:rotten_flesh":11,"minecraft:iron_boots":1,"minecraft:gunpowder":4,"minecraft:mossy_stone_brick_wall":1,"minecraft:golden_leggings":2,"minecraft:spider_eye":3,"minecraft:bow":1,"minecraft:stone_pickaxe":1,"minecraft:wooden_pickaxe":1,"minecraft:magma_block":2,"immersive_armors:wooden_helmet":1},"minecraft:killed_by":{"minecraft:zombie":1},"minecraft:mined":{"create:deepslate_zinc_ore":1,"minecraft:tuff":40,"minecraft:deepslate_diamond_ore":49,"minecraft:grass_block":3,"minecraft:stone_brick_wall":1,"minecraft:brown_wool":1,"minecraft:spruce_leaves":7,"minecraft:spawner":3,"minecraft:large_fern":2,"minecraft:magma_block":2,"minecraft:raw_iron_block":1,"minecraft:furnace":7,"minecraft:iron_ore":6,"minecraft:fire":17,"minecraft:cobbled_deepslate":6,"minecraft:target":1,"minecraft:deepslate_lapis_ore":11,"minecraft:deepslate_iron_ore":80,"minecraft:stone":87,"minecraft:green_bed":1,"minecraft:deepslate_redstone_ore":15,"minecraft:blackstone":64,"minecraft:oak_fence":4,"minecraft:crafting_table":10,"minecraft:cornflower":1,"minecraft:torch":5,"minecraft:chest":8,"minecraft:andesite_wall":1,"minecraft:cobblestone":5,"minecraft:tall_grass":17,"minecraft:deepslate_gold_ore":60,"minecraft:oak_planks":4,"minecraft:damaged_anvil":1,"minecraft:wall_torch":8,"minecraft:mossy_stone_brick_wall":1,"minecraft:birch_log":29,"minecraft:sweet_berry_bush":14,"minecraft:spruce_log":11,"minecraft:birch_leaves":3,"minecraft:grass":22,"minecraft:oak_log":23,"minecraft:coal_ore":106,"minecraft:dirt":2,"minecraft:cobweb":29,"minecraft:smooth_basalt":11,"minecraft:chipped_anvil":2,"minecraft:gold_ore":2,"create:crimsite":1,"minecraft:iron_trapdoor":2,"minecraft:oak_leaves":2,"minecraft:deepslate":37,"minecraft:fern":1},"minecraft:broken":{"minecraft:stone_axe":1},"minecraft:custom":{"minecraft:mob_kills":109,"minecraft:interact_with_crafting_table":47,"minecraft:open_barrel":22,"minecraft:leave_game":1,"minecraft:time_since_death":78256,"minecraft:climb_one_cm":1280,"minecraft:sprint_one_cm":436683,"minecraft:walk_one_cm":362549,"minecraft:damage_blocked_by_shield":1000,"minecraft:drop":60,"minecraft:target_hit":3,"minecraft:play_time":141657,"minecraft:deaths":1,"minecraft:sneak_time":1299,"minecraft:walk_under_water_one_cm":1083,"minecraft:jump":2688,"minecraft:walk_on_water_one_cm":7847,"minecraft:total_world_time":141657,"minecraft:interact_with_furnace":72,"minecraft:sleep_in_bed":2,"minecraft:time_since_rest":78281,"minecraft:damage_taken":3875,"minecraft:trigger_trapped_chest":2,"minecraft:damage_dealt":21045,"minecraft:swim_one_cm":8724,"minecraft:fly_one_cm":485833,"minecraft:open_chest":127,"minecraft:crouch_one_cm":2384,"minecraft:fall_one_cm":86944},"minecraft:used":{"minecraft:flint_and_steel":13,"minecraft:armor_stand":2,"minecraft:chest":15,"minecraft:shield":16,"minecraft:stone":6,"minecraft:torch":278,"minecraft:dirt":4,"minecraft:target":1,"simplyswords:iron_katana":126,"minecraft:tuff":24,"minecraft:wooden_axe":16,"minecraft:chipped_anvil":2,"minecraft:iron_axe":38,"minecraft:smooth_basalt":1,"betternether:blackstone_furnace":1,"minecraft:bow":5,"minecraft:sweet_berries":15,"minecraft:oak_sapling":1,"minecraft:furnace":8,"minecraft:cooked_cod":10,"minecraft:cooked_beef":29,"minecraft:cobbled_deepslate":12,"minecraft:cooked_mutton":11,"minecraft:water_bucket":5,"minecraft:damaged_anvil":1,"simplyswords:diamond_katana":206,"minecraft:stone_pickaxe":98,"minecraft:blackstone":8,"minecraft:oak_planks":7,"create:crimsite":1,"minecraft:wooden_pickaxe":4,"minecraft:crafting_table":11,"minecraft:crossbow":1,"minecraft:diamond_pickaxe":463,"minecraft:brown_wool":2,"minecraft:iron_pickaxe":50,"minecraft:stone_axe":111,"minecraft:cobblestone":35,"minecraft:bucket":6,"minecraft:birch_log":2},"minecraft:crafted":{"minecraft:smooth_stone":3,"minecraft:oak_planks":92,"minecraft:raw_iron":9,"minecraft:smooth_stone_slab":6,"minecraft:iron_nugget":9,"simplyswords:iron_katana":1,"usefulbackpacks:backpack_small":1,"minecraft:furnace":1,"minecraft:stone":9,"minecraft:cooked_mutton":16,"immersive_armors:wooden_chestplate":1,"minecraft:diamond_helmet":3,"minecraft:iron_boots":1,"minecraft:iron_axe":1,"minecraft:stone_pickaxe":1,"minecraft:chest":7,"minecraft:diamond_boots":3,"immersive_armors:wooden_helmet":1,"minecraft:cooked_beef":23,"minecraft:cooked_cod":16,"minecraft:cooked_porkchop":5,"minecraft:crafting_table":1,"minecraft:spruce_planks":44,"minecraft:wooden_pickaxe":1,"minecraft:iron_helmet":1,"immersive_armors:wooden_leggings":1,"minecraft:birch_planks":12,"minecraft:stone_axe":1,"minecraft:air":0,"immersive_armors:wooden_boots":1,"simplyswords:diamond_katana":1,"minecraft:iron_chestplate":3,"minecraft:diamond_pickaxe":1,"minecraft:shield":3,"minecraft:stick":88,"minecraft:iron_ingot":88,"minecraft:iron_pickaxe":1,"minecraft:wooden_axe":1,"simplyswords:diamond_halberd":1,"betternether:blackstone_furnace":1,"minecraft:gold_ingot":44,"minecraft:iron_leggings":3,"minecraft:armor_stand":2,"minecraft:torch":268}},"DataVersion":3465}