{"stats":{"minecraft:killed":{"minecraft:spider":18,"minecraft:skeleton":22,"artifacts:mimic":1,"minecraft:pig":3,"minecraft:zombie_villager":2,"minecraft:sheep":8,"minecraft:zombie":29,"minecraft:cow":10},"minecraft:picked_up":{"minecraft:crafting_table":9,"minecraft:chainmail_boots":1,"minecraft:brown_mushroom":5,"minecraft:string":23,"minecraft:blackstone":7,"minecraft:cobbled_deepslate":22,"minecraft:beef":20,"minecraft:furnace":7,"minecraft:raw_iron":95,"minecraft:stick":5,"minecraft:torch":10,"minecraft:green_bed":1,"minecraft:porkchop":5,"minecraft:target":1,"minecraft:carrot":1,"minecraft:redstone":26,"minecraft:arrow":25,"minecraft:rotten_flesh":32,"minecraft:mutton":19,"minecraft:white_wool":6,"minecraft:cobblestone":54,"minecraft:birch_log":29,"minecraft:glow_ink_sac":3,"minecraft:andesite":3,"minecraft:brown_wool":4,"minecraft:leather":4,"minecraft:golden_leggings":1,"minecraft:flint":2,"minecraft:tuff":19,"create:raw_zinc":1,"minecraft:oak_log":15,"artifacts:superstitious_hat":1,"minecraft:lapis_lazuli":19,"minecraft:dirt":11,"minecraft:bone":23,"minecraft:chipped_anvil":2,"minecraft:bow":1,"minecraft:wheat_seeds":2,"minecraft:raw_gold":38,"minecraft:iron_ingot":1,"minecraft:oak_planks":4,"minecraft:smooth_basalt":12,"minecraft:sweet_berries":21,"minecraft:raw_iron_block":1,"minecraft:gravel":1,"minecraft:spruce_sapling":1,"minecraft:spruce_log":3,"minecraft:spider_eye":6,"create:crimsite":1,"minecraft:diamond":30,"minecraft:lever":1,"minecraft:oak_sapling":1,"minecraft:coal":177},"minecraft:dropped":{"minecraft:brown_mushroom":5,"minecraft:birch_planks":4,"minecraft:wheat_seeds":2,"minecraft:cobblestone":5,"minecraft:stick":2,"minecraft:dirt":7,"immersive_armors:wooden_leggings":1,"minecraft:wooden_axe":1,"minecraft:brown_wool":2,"minecraft:iron_pickaxe":1,"immersive_armors:wooden_chestplate":1,"minecraft:string":1,"create:raw_zinc":1,"minecraft:spruce_sapling":1,"minecraft:smooth_basalt":6,"minecraft:bone":2,"minecraft:gravel":1,"minecraft:sweet_berries":6,"minecraft:lever":1,"simplyswords:iron_katana":1,"minecraft:cobbled_deepslate":5,"minecraft:tuff":15,"immersive_armors:wooden_boots":1,"minecraft:rotten_flesh":11,"minecraft:golden_leggings":2,"minecraft:spider_eye":3,"minecraft:bow":1,"minecraft:stone_pickaxe":1,"minecraft:wooden_pickaxe":1,"immersive_armors:wooden_helmet":1},"minecraft:killed_by":{"minecraft:zombie":1},"minecraft:mined":{"create:deepslate_zinc_ore":1,"minecraft:tuff":20,"minecraft:deepslate_diamond_ore":30,"minecraft:grass_block":3,"minecraft:stone_brick_wall":1,"minecraft:brown_wool":1,"minecraft:spruce_leaves":2,"minecraft:spawner":3,"minecraft:large_fern":2,"minecraft:raw_iron_block":1,"minecraft:furnace":7,"minecraft:iron_ore":6,"minecraft:fire":10,"minecraft:cobbled_deepslate":6,"minecraft:target":1,"minecraft:deepslate_lapis_ore":3,"minecraft:deepslate_iron_ore":74,"minecraft:stone":47,"minecraft:green_bed":1,"minecraft:deepslate_redstone_ore":6,"minecraft:blackstone":9,"minecraft:crafting_table":9,"minecraft:cornflower":1,"minecraft:torch":4,"minecraft:cobblestone":5,"minecraft:tall_grass":17,"minecraft:deepslate_gold_ore":36,"minecraft:oak_planks":4,"minecraft:wall_torch":6,"minecraft:birch_log":29,"minecraft:sweet_berry_bush":14,"minecraft:spruce_log":3,"minecraft:birch_leaves":3,"minecraft:grass":18,"minecraft:oak_log":15,"minecraft:coal_ore":48,"minecraft:dirt":2,"minecraft:cobweb":15,"minecraft:smooth_basalt":2,"minecraft:chipped_anvil":2,"minecraft:gold_ore":2,"create:crimsite":1,"minecraft:oak_leaves":1,"minecraft:deepslate":17,"minecraft:fern":1},"minecraft:broken":{"minecraft:stone_axe":1},"minecraft:custom":{"minecraft:mob_kills":97,"minecraft:interact_with_crafting_table":28,"minecraft:open_barrel":6,"minecraft:leave_game":1,"minecraft:time_since_death":36256,"minecraft:climb_one_cm":1280,"minecraft:sprint_one_cm":325088,"minecraft:walk_one_cm":250792,"minecraft:damage_blocked_by_shield":1000,"minecraft:drop":42,"minecraft:target_hit":3,"minecraft:play_time":99657,"minecraft:deaths":1,"minecraft:sneak_time":560,"minecraft:walk_under_water_one_cm":1083,"minecraft:jump":2064,"minecraft:walk_on_water_one_cm":6019,"minecraft:total_world_time":99657,"minecraft:interact_with_furnace":41,"minecraft:sleep_in_bed":2,"minecraft:time_since_rest":36281,"minecraft:damage_taken":3246,"minecraft:damage_dealt":17070,"minecraft:swim_one_cm":8724,"minecraft:fly_one_cm":365770,"minecraft:open_chest":47,"minecraft:crouch_one_cm":637,"minecraft:fall_one_cm":67801},"minecraft:used":{"minecraft:flint_and_steel":6,"minecraft:shield":16,"minecraft:torch":190,"minecraft:dirt":4,"minecraft:target":1,"simplyswords:iron_katana":126,"minecraft:tuff":4,"minecraft:wooden_axe":16,"minecraft:chipped_anvil":1,"minecraft:iron_axe":4,"minecraft:smooth_basalt":1,"minecraft:bow":5,"minecraft:sweet_berries":15,"minecraft:oak_sapling":1,"minecraft:furnace":7,"minecraft:cooked_beef":29,"minecraft:cobbled_deepslate":12,"minecraft:cooked_mutton":6,"simplyswords:diamond_katana":131,"minecraft:stone_pickaxe":98,"minecraft:oak_planks":7,"create:crimsite":1,"minecraft:wooden_pickaxe":4,"minecraft:crafting_table":9,"minecraft:crossbow":1,"minecraft:diamond_pickaxe":184,"minecraft:brown_wool":2,"minecraft:iron_pickaxe":50,"minecraft:stone_axe":111,"minecraft:cobblestone":35,"minecraft:birch_log":2},"minecraft:crafted":{"minecraft:oak_planks":60,"minecraft:raw_iron":9,"simplyswords:iron_katana":1,"usefulbackpacks:backpack_small":1,"minecraft:furnace":1,"minecraft:cooked_mutton":10,"immersive_armors:wooden_chestplate":1,"minecraft:iron_boots":1,"minecraft:iron_axe":1,"minecraft:stone_pickaxe":1,"immersive_armors:wooden_helmet":1,"minecraft:cooked_beef":23,"minecraft:crafting_table":1,"minecraft:spruce_planks":12,"minecraft:wooden_pickaxe":1,"minecraft:iron_helmet":1,"immersive_armors:wooden_leggings":1,"minecraft:birch_planks":12,"minecraft:stone_axe":1,"minecraft:air":0,"immersive_armors:wooden_boots":1,"simplyswords:diamond_katana":1,"minecraft:iron_chestplate":1,"minecraft:diamond_pickaxe":1,"minecraft:shield":1,"minecraft:stick":60,"minecraft:iron_ingot":31,"minecraft:iron_pickaxe":1,"minecraft:wooden_axe":1,"minecraft:iron_leggings":1,"minecraft:torch":204}},"DataVersion":3465}