{"stats":{"minecraft:custom":{"minecraft:time_since_rest":5673,"minecraft:sprint_one_cm":15640,"minecraft:play_time":5673,"minecraft:walk_one_cm":10955,"minecraft:drop":6,"minecraft:jump":66,"minecraft:damage_dealt":60,"minecraft:time_since_death":5673,"minecraft:leave_game":1,"minecraft:walk_on_water_one_cm":324,"minecraft:climb_one_cm":234,"minecraft:total_world_time":5673,"minecraft:interact_with_crafting_table":2,"minecraft:fly_one_cm":15161,"minecraft:fall_one_cm":2928},"minecraft:crafted":{"minecraft:oak_planks":24,"minecraft:stone_axe":1,"minecraft:crafting_table":1,"minecraft:stick":8,"minecraft:wooden_pickaxe":1,"minecraft:stone_pickaxe":1,"minecraft:wooden_axe":1},"minecraft:dropped":{"minecraft:wheat_seeds":3,"minecraft:red_mushroom":3},"minecraft:mined":{"minecraft:grass":1,"minecraft:oak_log":13,"minecraft:tall_grass":1,"minecraft:stone":15,"minecraft:crafting_table":1,"minecraft:fern":1},"minecraft:picked_up":{"minecraft:crafting_table":1,"minecraft:wheat_seeds":3,"minecraft:red_mushroom":3,"minecraft:oak_log":13,"minecraft:cobblestone":14},"minecraft:used":{"minecraft:stone_axe":7,"minecraft:wooden_axe":1,"minecraft:crafting_table":1,"minecraft:wooden_pickaxe":15}},"DataVersion":3465}