{"stats":{"minecraft:killed":{"minecraft:pig":3,"minecraft:spider":2,"minecraft:skeleton":1,"minecraft:sheep":4,"minecraft:zombie":5,"minecraft:cow":10},"minecraft:picked_up":{"minecraft:birch_log":29,"minecraft:crafting_table":6,"minecraft:leather":4,"minecraft:brown_wool":3,"minecraft:brown_mushroom":5,"minecraft:oak_log":15,"minecraft:string":1,"minecraft:dirt":11,"minecraft:bone":2,"minecraft:wheat_seeds":2,"minecraft:beef":20,"minecraft:furnace":3,"minecraft:stick":3,"minecraft:raw_iron":4,"minecraft:sweet_berries":21,"minecraft:porkchop":5,"minecraft:target":1,"minecraft:spruce_sapling":1,"minecraft:spruce_log":3,"create:crimsite":1,"minecraft:rotten_flesh":2,"minecraft:lever":1,"minecraft:oak_sapling":1,"minecraft:mutton":7,"minecraft:coal":143,"minecraft:white_wool":2,"minecraft:cobblestone":45},"minecraft:dropped":{"minecraft:brown_mushroom":5,"minecraft:dirt":1,"minecraft:wooden_axe":1,"minecraft:stone_pickaxe":1,"minecraft:wooden_pickaxe":1,"minecraft:spruce_sapling":1},"minecraft:mined":{"minecraft:crafting_table":6,"minecraft:cornflower":1,"minecraft:grass_block":3,"minecraft:brown_wool":1,"minecraft:tall_grass":13,"minecraft:spruce_leaves":2,"minecraft:large_fern":2,"minecraft:furnace":3,"minecraft:birch_log":29,"minecraft:iron_ore":4,"minecraft:sweet_berry_bush":14,"minecraft:spruce_log":3,"minecraft:birch_leaves":3,"minecraft:target":1,"minecraft:grass":18,"minecraft:coal_ore":48,"minecraft:oak_log":15,"minecraft:dirt":2,"minecraft:stone":47,"create:crimsite":1,"minecraft:oak_leaves":1,"minecraft:fern":1},"minecraft:broken":{"minecraft:stone_axe":1},"minecraft:custom":{"minecraft:interact_with_furnace":10,"minecraft:mob_kills":25,"minecraft:interact_with_crafting_table":18,"minecraft:open_barrel":3,"minecraft:leave_game":1,"minecraft:time_since_death":51657,"minecraft:sleep_in_bed":2,"minecraft:climb_one_cm":1280,"minecraft:time_since_rest":21259,"minecraft:sprint_one_cm":193246,"minecraft:damage_taken":866,"minecraft:walk_one_cm":127503,"minecraft:damage_blocked_by_shield":170,"minecraft:drop":6,"minecraft:damage_dealt":3558,"minecraft:swim_one_cm":8724,"minecraft:fly_one_cm":228379,"minecraft:target_hit":3,"minecraft:open_chest":18,"minecraft:crouch_one_cm":3,"minecraft:play_time":51657,"minecraft:sneak_time":14,"minecraft:walk_under_water_one_cm":1083,"minecraft:jump":1225,"minecraft:walk_on_water_one_cm":4530,"minecraft:total_world_time":51657,"minecraft:fall_one_cm":43493},"minecraft:used":{"minecraft:stone_pickaxe":98,"create:crimsite":1,"minecraft:shield":1,"minecraft:wooden_pickaxe":4,"minecraft:torch":25,"minecraft:dirt":4,"minecraft:target":1,"minecraft:crafting_table":7,"minecraft:wooden_axe":16,"minecraft:iron_pickaxe":6,"minecraft:brown_wool":2,"minecraft:stone_axe":111,"minecraft:cobblestone":8,"minecraft:bow":5,"minecraft:sweet_berries":15,"minecraft:furnace":3,"minecraft:oak_sapling":1,"minecraft:birch_log":2,"minecraft:cooked_beef":11},"minecraft:crafted":{"minecraft:cooked_beef":8,"minecraft:oak_planks":60,"minecraft:crafting_table":1,"simplyswords:iron_katana":1,"minecraft:spruce_planks":12,"minecraft:wooden_pickaxe":1,"immersive_armors:wooden_leggings":1,"minecraft:furnace":1,"minecraft:stone_axe":1,"minecraft:air":0,"immersive_armors:wooden_chestplate":1,"immersive_armors:wooden_boots":1,"minecraft:shield":1,"minecraft:stick":16,"minecraft:iron_ingot":4,"minecraft:iron_pickaxe":1,"minecraft:stone_pickaxe":1,"minecraft:wooden_axe":1,"immersive_armors:wooden_helmet":1,"minecraft:torch":48}},"DataVersion":3465}