{"stats":{"minecraft:killed":{"minecraft:spider":14,"minecraft:skeleton":21,"artifacts:mimic":1,"minecraft:pig":3,"minecraft:zombie_villager":2,"minecraft:sheep":8,"minecraft:zombie":19,"minecraft:cow":10},"minecraft:picked_up":{"minecraft:crafting_table":9,"minecraft:brown_mushroom":5,"minecraft:string":8,"minecraft:cobbled_deepslate":21,"minecraft:beef":20,"minecraft:furnace":6,"minecraft:raw_iron":65,"minecraft:stick":3,"minecraft:torch":9,"minecraft:green_bed":1,"minecraft:porkchop":5,"minecraft:target":1,"minecraft:carrot":1,"minecraft:arrow":23,"minecraft:rotten_flesh":18,"minecraft:mutton":13,"minecraft:white_wool":6,"minecraft:cobblestone":54,"minecraft:birch_log":29,"minecraft:glow_ink_sac":3,"minecraft:andesite":3,"minecraft:brown_wool":4,"minecraft:leather":4,"minecraft:golden_leggings":1,"minecraft:tuff":8,"create:raw_zinc":1,"minecraft:oak_log":15,"artifacts:superstitious_hat":1,"minecraft:dirt":11,"minecraft:bone":22,"minecraft:chipped_anvil":1,"minecraft:bow":1,"minecraft:wheat_seeds":2,"minecraft:raw_gold":17,"minecraft:iron_ingot":1,"minecraft:oak_planks":3,"minecraft:smooth_basalt":2,"minecraft:sweet_berries":21,"minecraft:spruce_sapling":1,"minecraft:spruce_log":3,"minecraft:spider_eye":4,"create:crimsite":1,"minecraft:diamond":19,"minecraft:lever":1,"minecraft:oak_sapling":1,"minecraft:coal":166},"minecraft:dropped":{"minecraft:brown_mushroom":5,"minecraft:birch_planks":4,"minecraft:wheat_seeds":2,"minecraft:cobblestone":5,"minecraft:stick":1,"minecraft:dirt":7,"immersive_armors:wooden_leggings":1,"minecraft:wooden_axe":1,"minecraft:brown_wool":2,"minecraft:iron_pickaxe":1,"immersive_armors:wooden_chestplate":1,"minecraft:string":1,"create:raw_zinc":1,"minecraft:spruce_sapling":1,"minecraft:smooth_basalt":1,"minecraft:bone":2,"minecraft:sweet_berries":6,"minecraft:lever":1,"simplyswords:iron_katana":1,"minecraft:cobbled_deepslate":5,"minecraft:tuff":4,"immersive_armors:wooden_boots":1,"minecraft:rotten_flesh":11,"minecraft:golden_leggings":2,"minecraft:spider_eye":3,"minecraft:bow":1,"minecraft:stone_pickaxe":1,"minecraft:wooden_pickaxe":1,"immersive_armors:wooden_helmet":1},"minecraft:killed_by":{"minecraft:zombie":1},"minecraft:mined":{"create:deepslate_zinc_ore":1,"minecraft:tuff":9,"minecraft:deepslate_diamond_ore":19,"minecraft:grass_block":3,"minecraft:stone_brick_wall":1,"minecraft:brown_wool":1,"minecraft:spruce_leaves":2,"minecraft:spawner":3,"minecraft:large_fern":2,"minecraft:furnace":6,"minecraft:iron_ore":6,"minecraft:fire":4,"minecraft:cobbled_deepslate":6,"minecraft:target":1,"minecraft:deepslate_iron_ore":44,"minecraft:stone":47,"minecraft:green_bed":1,"minecraft:crafting_table":9,"minecraft:cornflower":1,"minecraft:torch":3,"minecraft:cobblestone":5,"minecraft:tall_grass":17,"minecraft:deepslate_gold_ore":15,"minecraft:oak_planks":3,"minecraft:wall_torch":6,"minecraft:birch_log":29,"minecraft:sweet_berry_bush":14,"minecraft:spruce_log":3,"minecraft:birch_leaves":3,"minecraft:grass":18,"minecraft:oak_log":15,"minecraft:coal_ore":48,"minecraft:dirt":2,"minecraft:smooth_basalt":2,"minecraft:chipped_anvil":1,"minecraft:gold_ore":2,"create:crimsite":1,"minecraft:oak_leaves":1,"minecraft:deepslate":15,"minecraft:fern":1},"minecraft:broken":{"minecraft:stone_axe":1},"minecraft:custom":{"minecraft:mob_kills":82,"minecraft:interact_with_crafting_table":28,"minecraft:open_barrel":6,"minecraft:leave_game":1,"minecraft:time_since_death":24256,"minecraft:climb_one_cm":1280,"minecraft:sprint_one_cm":286306,"minecraft:walk_one_cm":218804,"minecraft:damage_blocked_by_shield":670,"minecraft:drop":37,"minecraft:target_hit":3,"minecraft:play_time":87657,"minecraft:deaths":1,"minecraft:sneak_time":506,"minecraft:walk_under_water_one_cm":1083,"minecraft:jump":1800,"minecraft:walk_on_water_one_cm":5680,"minecraft:total_world_time":87657,"minecraft:interact_with_furnace":33,"minecraft:sleep_in_bed":2,"minecraft:time_since_rest":24281,"minecraft:damage_taken":2818,"minecraft:damage_dealt":14043,"minecraft:swim_one_cm":8724,"minecraft:fly_one_cm":317207,"minecraft:open_chest":39,"minecraft:crouch_one_cm":466,"minecraft:fall_one_cm":59686},"minecraft:used":{"minecraft:flint_and_steel":4,"minecraft:shield":9,"minecraft:torch":159,"minecraft:dirt":4,"minecraft:target":1,"simplyswords:iron_katana":126,"minecraft:tuff":4,"minecraft:wooden_axe":16,"minecraft:iron_axe":3,"minecraft:smooth_basalt":1,"minecraft:bow":5,"minecraft:sweet_berries":15,"minecraft:oak_sapling":1,"minecraft:furnace":6,"minecraft:cooked_beef":29,"minecraft:cobbled_deepslate":11,"simplyswords:diamond_katana":67,"minecraft:stone_pickaxe":98,"minecraft:oak_planks":6,"create:crimsite":1,"minecraft:wooden_pickaxe":4,"minecraft:crafting_table":9,"minecraft:crossbow":1,"minecraft:diamond_pickaxe":88,"minecraft:brown_wool":2,"minecraft:iron_pickaxe":50,"minecraft:stone_axe":111,"minecraft:cobblestone":35,"minecraft:birch_log":2},"minecraft:crafted":{"minecraft:oak_planks":60,"simplyswords:iron_katana":1,"usefulbackpacks:backpack_small":1,"minecraft:furnace":1,"immersive_armors:wooden_chestplate":1,"minecraft:iron_boots":1,"minecraft:iron_axe":1,"minecraft:stone_pickaxe":1,"immersive_armors:wooden_helmet":1,"minecraft:cooked_beef":23,"minecraft:crafting_table":1,"minecraft:spruce_planks":12,"minecraft:wooden_pickaxe":1,"minecraft:iron_helmet":1,"immersive_armors:wooden_leggings":1,"minecraft:birch_planks":12,"minecraft:stone_axe":1,"minecraft:air":0,"immersive_armors:wooden_boots":1,"simplyswords:diamond_katana":1,"minecraft:iron_chestplate":1,"minecraft:diamond_pickaxe":1,"minecraft:shield":1,"minecraft:stick":52,"minecraft:iron_ingot":31,"minecraft:iron_pickaxe":1,"minecraft:wooden_axe":1,"minecraft:iron_leggings":1,"minecraft:torch":160}},"DataVersion":3465}